index,close
0.000000000000000000e+00,1.405500000000000114e+02
1.000000000000000000e+00,1.407800000000000011e+02
2.000000000000000000e+00,1.399900100000000123e+02
3.000000000000000000e+00,1.423000000000000114e+02
4.000000000000000000e+00,1.441100000000000136e+02
5.000000000000000000e+00,1.431100000000000136e+02
6.000000000000000000e+00,1.416799900000000036e+02
7.000000000000000000e+00,1.424299900000000036e+02
8.000000000000000000e+00,1.411599999999999966e+02
9.000000000000000000e+00,1.369900100000000123e+02
1.000000000000000000e+01,1.371499900000000025e+02
1.100000000000000000e+01,1.370299990000000037e+02
1.200000000000000000e+01,1.361499900000000025e+02
1.300000000000000000e+01,1.374900100000000123e+02
1.400000000000000000e+01,1.351599999999999966e+02
1.500000000000000000e+01,1.362199999999999989e+02
1.600000000000000000e+01,1.369299900000000036e+02
1.700000000000000000e+01,1.357800000000000011e+02
1.800000000000000000e+01,1.378600000000000136e+02
1.900000000000000000e+01,1.406000099999999975e+02
2.000000000000000000e+01,1.409299900000000036e+02
2.100000000000000000e+01,1.406299999999999955e+02
2.200000000000000000e+01,1.429799999999999898e+02
2.300000000000000000e+01,1.451100000000000136e+02
2.400000000000000000e+01,1.465700099999999964e+02
2.500000000000000000e+01,1.451999999999999886e+02
2.600000000000000000e+01,1.435300000000000011e+02
2.700000000000000000e+01,1.408799999999999955e+02
2.800000000000000000e+01,1.411999999999999886e+02
2.900000000000000000e+01,1.419900100000000123e+02
3.000000000000000000e+01,1.440500030000000038e+02
3.100000000000000000e+01,1.455300000000000011e+02
3.200000000000000000e+01,1.465600000000000023e+02
3.300000000000000000e+01,1.451799900000000036e+02
3.400000000000000000e+01,1.460500030000000038e+02
3.500000000000000000e+01,1.458300000000000125e+02
3.600000000000000000e+01,1.442700000000000102e+02
3.700000000000000000e+01,1.426100000000000136e+02
3.800000000000000000e+01,1.436899999999999977e+02
3.900000000000000000e+01,1.446899999999999977e+02
4.000000000000000000e+01,1.411899999999999977e+02
4.100000000000000000e+01,1.399399999999999977e+02
4.200000000000000000e+01,1.435099899999999877e+02
4.300000000000000000e+01,1.454099999999999966e+02
4.400000000000000000e+01,1.441799900000000036e+02
4.500000000000000000e+01,1.532599899999999877e+02
4.600000000000000000e+01,1.550800020000000075e+02
4.700000000000000000e+01,1.530599980000000073e+02
4.800000000000000000e+01,1.528700000000000045e+02
4.900000000000000000e+01,1.525600000000000023e+02
5.000000000000000000e+01,1.525500000000000114e+02
5.100000000000000000e+01,1.548500099999999975e+02
5.200000000000000000e+01,1.546999999999999886e+02
5.300000000000000000e+01,1.545700099999999964e+02
5.400000000000000000e+01,1.544399999999999977e+02
5.500000000000000000e+01,1.525200000000000102e+02
5.600000000000000000e+01,1.527400100000000123e+02
5.700000000000000000e+01,1.541899999999999977e+02
5.800000000000000000e+01,1.532700000000000102e+02
5.900000000000000000e+01,1.537199999999999989e+02
6.000000000000000000e+01,1.511100000000000136e+02
6.100000000000000000e+01,1.500299990000000037e+02
6.200000000000000000e+01,1.481699999999999875e+02
6.300000000000000000e+01,1.495900000000000034e+02
6.400000000000000000e+01,1.477899899999999889e+02
6.500000000000000000e+01,1.467199999999999989e+02
6.600000000000000000e+01,1.490000000000000000e+02
6.700000000000000000e+01,1.532500000000000000e+02
6.800000000000000000e+01,1.535399899999999889e+02
6.900000000000000000e+01,1.543000000000000114e+02
7.000000000000000000e+01,1.539399999999999977e+02
7.100000000000000000e+01,1.539900100000000123e+02
7.200000000000000000e+01,1.538400000000000034e+02
7.300000000000000000e+01,1.543000000000000114e+02
7.400000000000000000e+01,1.577700000000000102e+02
7.500000000000000000e+01,1.574299900000000036e+02
7.600000000000000000e+01,1.596999999999999886e+02
7.700000000000000000e+01,1.608000000000000114e+02
7.800000000000000000e+01,1.587800000000000011e+02
7.900000000000000000e+01,1.596799900000000036e+02
8.000000000000000000e+01,1.585500000000000114e+02
8.100000000000000000e+01,1.580099945000000048e+02
8.200000000000000000e+01,1.599099999999999966e+02
8.300000000000000000e+01,1.615099899999999877e+02
8.400000000000000000e+01,1.617299999999999898e+02
8.500000000000000000e+01,1.633000000000000114e+02
8.600000000000000000e+01,1.656299999999999955e+02
8.700000000000000000e+01,1.638899999999999864e+02
8.800000000000000000e+01,1.639399999999999977e+02
8.900000000000000000e+01,1.635099899999999877e+02
9.000000000000000000e+01,1.633000000000000114e+02
9.100000000000000000e+01,1.651699999999999875e+02
9.200000000000000000e+01,1.663500099999999975e+02
9.300000000000000000e+01,1.664699999999999989e+02
9.400000000000000000e+01,1.679399999999999977e+02
9.500000000000000000e+01,1.679900100000000123e+02
9.600000000000000000e+01,1.667299999999999898e+02
9.700000000000000000e+01,1.673300000000000125e+02
9.800000000000000000e+01,1.696699999999999875e+02
9.900000000000000000e+01,1.691899999999999977e+02
1.000000000000000000e+02,1.698300000000000125e+02
1.010000000000000000e+02,1.698600000000000136e+02
1.020000000000000000e+02,1.710700070000000039e+02
1.030000000000000000e+02,1.719799999999999898e+02
1.040000000000000000e+02,1.698100000000000023e+02
1.050000000000000000e+02,1.678200099999999964e+02
1.060000000000000000e+02,1.679199999999999875e+02
1.070000000000000000e+02,1.682199999999999989e+02
1.080000000000000000e+02,1.666899999999999977e+02
1.090000000000000000e+02,1.658999900000000025e+02
1.100000000000000000e+02,1.657199999999999989e+02
1.110000000000000000e+02,1.661499900000000025e+02
1.120000000000000000e+02,1.768600000000000136e+02
1.130000000000000000e+02,1.785800000000000125e+02
1.140000000000000000e+02,1.793600000000000136e+02
1.150000000000000000e+02,1.818999900000000025e+02
1.160000000000000000e+02,1.828200099999999964e+02
1.170000000000000000e+02,1.808500099999999975e+02
1.180000000000000000e+02,1.813500099999999975e+02
1.190000000000000000e+02,1.785800000000000125e+02
1.200000000000000000e+02,1.790000000000000000e+02
1.210000000000000000e+02,1.779299900000000036e+02
1.220000000000000000e+02,1.778000000000000114e+02
1.230000000000000000e+02,1.825000000000000000e+02
1.240000000000000000e+02,1.825099899999999877e+02
1.250000000000000000e+02,1.836899999999999977e+02
1.260000000000000000e+02,1.860500030000000038e+02
1.270000000000000000e+02,1.862400100000000123e+02
1.280000000000000000e+02,1.868300000000000125e+02
1.290000000000000000e+02,1.862100100000000111e+02
1.300000000000000000e+02,1.877400100000000123e+02
1.310000000000000000e+02,1.876899999999999977e+02
1.320000000000000000e+02,1.852899899999999889e+02
1.330000000000000000e+02,1.871299999999999955e+02
1.340000000000000000e+02,1.877299999999999898e+02
1.350000000000000000e+02,1.890000000000000000e+02
1.360000000000000000e+02,1.888000000000000114e+02
1.370000000000000000e+02,1.881399999999999864e+02
1.380000000000000000e+02,1.880299990000000037e+02
1.390000000000000000e+02,1.851399999999999864e+02
1.400000000000000000e+02,1.849600100000000111e+02
1.410000000000000000e+02,1.857599899999999877e+02
1.420000000000000000e+02,1.844900100000000123e+02
1.430000000000000000e+02,1.835000000000000000e+02
1.440000000000000000e+02,1.842500000000000000e+02
1.450000000000000000e+02,1.850899960000000135e+02
1.460000000000000000e+02,1.820700070000000039e+02
1.470000000000000000e+02,1.812199999999999989e+02
1.480000000000000000e+02,1.810000000000000000e+02
1.490000000000000000e+02,1.790500030000000038e+02
1.500000000000000000e+02,1.769900100000000123e+02
1.510000000000000000e+02,1.757299999999999898e+02
1.520000000000000000e+02,1.794499999999999886e+02
1.530000000000000000e+02,1.793200099999999964e+02
1.540000000000000000e+02,1.796899999999999977e+02
1.550000000000000000e+02,1.818999900000000025e+02
1.560000000000000000e+02,1.814699999999999989e+02
1.570000000000000000e+02,1.823899999999999864e+02
1.580000000000000000e+02,1.812199999999999989e+02
1.590000000000000000e+02,1.776799900000000036e+02
1.600000000000000000e+02,1.796000099999999975e+02
1.610000000000000000e+02,1.811100000000000136e+02
1.620000000000000000e+02,1.776399999999999864e+02
1.630000000000000000e+02,1.758999900000000025e+02
1.640000000000000000e+02,1.731899999999999977e+02
1.650000000000000000e+02,1.726599999999999966e+02
1.660000000000000000e+02,1.728500099999999975e+02
1.670000000000000000e+02,1.699900100000000123e+02
1.680000000000000000e+02,1.693300000000000125e+02
1.690000000000000000e+02,1.673799999999999955e+02
1.700000000000000000e+02,1.694699999999999989e+02
1.710000000000000000e+02,1.706399999999999864e+02
1.720000000000000000e+02,1.705300000000000011e+02
1.730000000000000000e+02,1.788100000000000023e+02
1.740000000000000000e+02,1.771200000000000045e+02
1.750000000000000000e+02,1.773300000000000125e+02
1.760000000000000000e+02,1.768999900000000025e+02
1.770000000000000000e+02,1.779399999999999977e+02
1.780000000000000000e+02,1.761799900000000036e+02
1.790000000000000000e+02,1.771200000000000045e+02
1.800000000000000000e+02,1.778000000000000114e+02
1.810000000000000000e+02,1.810099945000000048e+02
1.820000000000000000e+02,1.803200099999999964e+02
1.830000000000000000e+02,1.812100100000000111e+02
1.840000000000000000e+02,1.826999999999999886e+02
1.850000000000000000e+02,1.837100100000000111e+02
1.860000000000000000e+02,1.852500000000000000e+02
1.870000000000000000e+02,1.866999999999999886e+02
1.880000000000000000e+02,1.865900000000000034e+02
1.890000000000000000e+02,1.876200000000000045e+02
1.900000000000000000e+02,1.885700099999999964e+02
1.910000000000000000e+02,1.906399999999999864e+02
1.920000000000000000e+02,1.938200099999999964e+02
1.930000000000000000e+02,1.953999900000000025e+02
1.940000000000000000e+02,1.951200000000000045e+02
1.950000000000000000e+02,1.943400000000000034e+02
1.960000000000000000e+02,1.913899999999999864e+02
1.970000000000000000e+02,1.920099945000000048e+02
1.980000000000000000e+02,1.913600000000000136e+02
1.990000000000000000e+02,1.910899960000000135e+02
2.000000000000000000e+02,1.938400000000000034e+02
2.010000000000000000e+02,1.933000000000000114e+02
2.020000000000000000e+02,1.936399999999999864e+02
2.030000000000000000e+02,1.937500000000000000e+02
2.040000000000000000e+02,1.967100100000000111e+02
2.050000000000000000e+02,1.970200040000000001e+02
2.060000000000000000e+02,1.963600000000000136e+02
2.070000000000000000e+02,1.963600000000000136e+02
2.080000000000000000e+02,1.996699999999999875e+02
2.090000000000000000e+02,2.020200040000000001e+02
2.100000000000000000e+02,2.042700000000000102e+02
2.110000000000000000e+02,2.058300000000000125e+02
2.120000000000000000e+02,2.057500000000000000e+02
2.130000000000000000e+02,1.998899999999999864e+02
2.140000000000000000e+02,1.971200000000000045e+02
2.150000000000000000e+02,1.970899960000000135e+02
2.160000000000000000e+02,1.963500099999999975e+02
2.170000000000000000e+02,2.000000000000000000e+02
2.180000000000000000e+02,2.000000000000000000e+02
2.190000000000000000e+02,2.019699999999999989e+02
2.200000000000000000e+02,2.012100100000000111e+02
2.210000000000000000e+02,2.026000099999999975e+02
2.220000000000000000e+02,2.021599999999999966e+02
2.230000000000000000e+02,2.019499999999999886e+02
2.240000000000000000e+02,2.012299999999999898e+02
2.250000000000000000e+02,2.048899999999999864e+02
2.260000000000000000e+02,2.063799999999999955e+02
2.270000000000000000e+02,2.063200099999999964e+02
2.280000000000000000e+02,2.060700070000000039e+02
2.290000000000000000e+02,2.082500000000000000e+02
2.300000000000000000e+02,2.078799999999999955e+02
2.310000000000000000e+02,2.081599999999999966e+02
2.320000000000000000e+02,2.089600100000000111e+02
2.330000000000000000e+02,2.041999999999999886e+02
2.340000000000000000e+02,2.016299999999999955e+02
2.350000000000000000e+02,2.017400100000000123e+02
2.360000000000000000e+02,1.982299999999999898e+02
2.370000000000000000e+02,1.988500099999999975e+02
2.380000000000000000e+02,1.982500000000000000e+02
2.390000000000000000e+02,1.990000000000000000e+02
2.400000000000000000e+02,1.989799999999999898e+02
2.410000000000000000e+02,1.976299999999999955e+02
2.420000000000000000e+02,1.935600000000000023e+02
2.430000000000000000e+02,1.964699999999999989e+02
2.440000000000000000e+02,1.983000000000000114e+02
2.450000000000000000e+02,1.979199999999999875e+02
2.460000000000000000e+02,1.951599999999999966e+02
2.470000000000000000e+02,1.965800000000000125e+02
2.480000000000000000e+02,1.998400000000000034e+02
2.490000000000000000e+02,2.014900100000000123e+02
2.500000000000000000e+02,2.013999900000000025e+02
2.510000000000000000e+02,2.000099945000000048e+02
2.520000000000000000e+02,2.014499999999999886e+02
2.530000000000000000e+02,2.035800000000000125e+02
2.540000000000000000e+02,2.037400100000000123e+02
2.550000000000000000e+02,2.055600000000000023e+02
2.560000000000000000e+02,2.011999999999999886e+02
2.570000000000000000e+02,2.030200040000000001e+02
2.580000000000000000e+02,2.048999900000000025e+02
2.590000000000000000e+02,2.035500000000000114e+02
2.600000000000000000e+02,2.023600000000000136e+02
2.610000000000000000e+02,2.040099945000000048e+02
2.620000000000000000e+02,2.029799999999999898e+02
2.630000000000000000e+02,1.997299999999999898e+02
2.640000000000000000e+02,2.001999999999999886e+02
2.650000000000000000e+02,1.994799999999999898e+02
2.660000000000000000e+02,2.022500000000000000e+02
2.670000000000000000e+02,2.041599999999999966e+02
2.680000000000000000e+02,2.060500030000000038e+02
2.690000000000000000e+02,2.035099899999999877e+02
2.700000000000000000e+02,2.023400000000000034e+02
2.710000000000000000e+02,2.017100100000000111e+02
2.720000000000000000e+02,2.038400000000000034e+02
2.730000000000000000e+02,2.048600000000000136e+02
2.740000000000000000e+02,2.032299999999999898e+02
2.750000000000000000e+02,2.025800000000000125e+02
2.760000000000000000e+02,1.994799999999999898e+02
2.770000000000000000e+02,1.985900000000000034e+02
2.780000000000000000e+02,2.027500000000000000e+02
2.790000000000000000e+02,2.048700000000000045e+02
2.800000000000000000e+02,2.072400100000000123e+02
2.810000000000000000e+02,2.035700099999999964e+02
2.820000000000000000e+02,2.007500000000000000e+02
2.830000000000000000e+02,1.988300000000000125e+02
2.840000000000000000e+02,1.956699999999999875e+02
2.850000000000000000e+02,1.936100000000000136e+02
2.860000000000000000e+02,1.934499999999999886e+02
2.870000000000000000e+02,1.929799999999999898e+02
2.880000000000000000e+02,1.933799999999999955e+02
2.890000000000000000e+02,1.942299999999999898e+02
2.900000000000000000e+02,1.959099999999999966e+02
2.910000000000000000e+02,1.950800020000000075e+02
2.920000000000000000e+02,1.955600000000000023e+02
2.930000000000000000e+02,1.941499900000000025e+02
2.940000000000000000e+02,1.962899899999999889e+02
2.950000000000000000e+02,1.934099999999999966e+02
2.960000000000000000e+02,1.934299900000000036e+02
2.970000000000000000e+02,1.953500099999999975e+02
2.980000000000000000e+02,1.988500099999999975e+02
2.990000000000000000e+02,2.006799900000000036e+02
3.000000000000000000e+02,2.013600000000000136e+02
3.010000000000000000e+02,1.904600100000000111e+02
3.020000000000000000e+02,1.930599980000000073e+02
3.030000000000000000e+02,1.956899999999999977e+02
3.040000000000000000e+02,1.978000000000000114e+02
3.050000000000000000e+02,1.998700000000000045e+02
3.060000000000000000e+02,2.021200000000000045e+02
3.070000000000000000e+02,2.040299990000000037e+02
3.080000000000000000e+02,2.034900100000000123e+02
3.090000000000000000e+02,2.003899999999999864e+02
3.100000000000000000e+02,1.999699999999999989e+02
3.110000000000000000e+02,2.039600100000000111e+02
3.120000000000000000e+02,2.016899999999999977e+02
3.130000000000000000e+02,2.005399899999999889e+02
3.140000000000000000e+02,1.962299999999999898e+02
3.150000000000000000e+02,1.941200000000000045e+02
3.160000000000000000e+02,1.956999999999999886e+02
3.170000000000000000e+02,2.007700000000000102e+02
3.180000000000000000e+02,1.995800000000000125e+02
3.190000000000000000e+02,1.999799999999999898e+02
3.200000000000000000e+02,1.979699999999999989e+02
3.210000000000000000e+02,1.976999999999999886e+02
3.220000000000000000e+02,1.980399930000000097e+02
3.230000000000000000e+02,1.968500099999999975e+02
3.240000000000000000e+02,1.966699999999999875e+02
3.250000000000000000e+02,1.969600100000000111e+02
3.260000000000000000e+02,1.962100100000000111e+02
3.270000000000000000e+02,1.951299999999999955e+02
3.280000000000000000e+02,1.976499900000000025e+02
3.290000000000000000e+02,1.992400100000000123e+02
3.300000000000000000e+02,1.999399999999999977e+02
3.310000000000000000e+02,2.007899899999999889e+02
3.320000000000000000e+02,2.018400000000000034e+02
3.330000000000000000e+02,2.004900100000000123e+02
3.340000000000000000e+02,2.004199999999999875e+02
3.350000000000000000e+02,1.992100100000000111e+02
3.360000000000000000e+02,1.970000000000000000e+02
3.370000000000000000e+02,1.965600000000000023e+02
3.380000000000000000e+02,1.982899899999999889e+02
3.390000000000000000e+02,1.995000000000000000e+02
3.400000000000000000e+02,2.021200000000000045e+02
3.410000000000000000e+02,2.017700000000000102e+02
3.420000000000000000e+02,1.999900100000000123e+02
3.430000000000000000e+02,2.005800000000000125e+02
3.440000000000000000e+02,2.034699999999999989e+02
3.450000000000000000e+02,2.054499999999999886e+02
3.460000000000000000e+02,2.081399999999999864e+02
3.470000000000000000e+02,2.097400100000000123e+02
3.480000000000000000e+02,2.079399999999999977e+02
3.490000000000000000e+02,2.048200099999999964e+02
3.500000000000000000e+02,2.018899999999999864e+02
3.510000000000000000e+02,2.047299999999999898e+02
3.520000000000000000e+02,2.055500000000000114e+02
3.530000000000000000e+02,2.031499900000000025e+02
3.540000000000000000e+02,2.080700070000000039e+02
3.550000000000000000e+02,2.126299999999999955e+02
3.560000000000000000e+02,2.110200040000000001e+02
3.570000000000000000e+02,2.153899999999999864e+02
3.580000000000000000e+02,2.140000000000000000e+02
3.590000000000000000e+02,2.149499999999999886e+02
3.600000000000000000e+02,2.159699999999999989e+02
3.610000000000000000e+02,2.085200000000000102e+02
3.620000000000000000e+02,2.185500000000000114e+02
3.630000000000000000e+02,2.119099999999999966e+02
3.640000000000000000e+02,2.160399930000000097e+02
3.650000000000000000e+02,2.144699999999999989e+02
3.660000000000000000e+02,2.111499900000000025e+02
3.670000000000000000e+02,2.098799999999999955e+02
3.680000000000000000e+02,2.096499900000000025e+02
3.690000000000000000e+02,2.089900100000000123e+02
3.700000000000000000e+02,2.087100100000000111e+02
3.710000000000000000e+02,2.092700000000000102e+02
3.720000000000000000e+02,2.094900100000000123e+02
3.730000000000000000e+02,2.111399999999999864e+02
3.740000000000000000e+02,2.102199999999999989e+02
3.750000000000000000e+02,2.090299990000000037e+02
3.760000000000000000e+02,2.094499999999999886e+02
3.770000000000000000e+02,2.101599999999999966e+02
3.780000000000000000e+02,2.115900000000000034e+02
3.790000000000000000e+02,2.121000099999999975e+02
3.800000000000000000e+02,2.128600000000000136e+02
3.810000000000000000e+02,2.114499999999999886e+02
3.820000000000000000e+02,2.119399999999999977e+02
3.830000000000000000e+02,2.108500099999999975e+02
3.840000000000000000e+02,2.075900000000000034e+02
3.850000000000000000e+02,2.106499900000000025e+02
3.860000000000000000e+02,2.141499900000000025e+02
3.870000000000000000e+02,2.112500000000000000e+02
3.880000000000000000e+02,2.105300000000000011e+02
3.890000000000000000e+02,2.119499999999999886e+02
3.900000000000000000e+02,2.116399999999999864e+02
3.910000000000000000e+02,2.109600100000000111e+02
3.920000000000000000e+02,2.085900000000000034e+02
3.930000000000000000e+02,2.089900100000000123e+02
3.940000000000000000e+02,2.082199999999999989e+02
3.950000000000000000e+02,2.106499900000000025e+02
3.960000000000000000e+02,2.105300000000000011e+02
3.970000000000000000e+02,2.083700000000000045e+02
3.980000000000000000e+02,2.117500000000000000e+02
3.990000000000000000e+02,2.120299990000000037e+02
4.000000000000000000e+02,2.150299990000000037e+02
4.010000000000000000e+02,2.146899999999999977e+02
4.020000000000000000e+02,2.137500000000000000e+02
4.030000000000000000e+02,2.150000000000000000e+02
4.040000000000000000e+02,2.153300000000000125e+02
4.050000000000000000e+02,2.151799900000000036e+02
4.060000000000000000e+02,2.168100000000000023e+02
4.070000000000000000e+02,2.197100100000000111e+02
4.080000000000000000e+02,2.168300000000000125e+02
4.090000000000000000e+02,2.207400100000000123e+02
4.100000000000000000e+02,2.215099899999999877e+02
4.110000000000000000e+02,2.217500000000000000e+02
4.120000000000000000e+02,2.192299999999999898e+02
4.130000000000000000e+02,2.182500000000000000e+02
4.140000000000000000e+02,2.191000099999999975e+02
4.150000000000000000e+02,2.188100000000000023e+02
4.160000000000000000e+02,2.168999900000000025e+02
4.170000000000000000e+02,2.163600000000000136e+02
4.180000000000000000e+02,2.167599899999999877e+02
4.190000000000000000e+02,2.140299990000000037e+02
4.200000000000000000e+02,2.136999999999999886e+02
4.210000000000000000e+02,2.126599999999999966e+02
4.220000000000000000e+02,2.125000000000000000e+02
4.230000000000000000e+02,2.108600000000000136e+02
4.240000000000000000e+02,2.102100100000000111e+02
4.250000000000000000e+02,2.096399999999999864e+02
4.260000000000000000e+02,2.183000000000000114e+02
4.270000000000000000e+02,2.194600100000000111e+02
4.280000000000000000e+02,2.211799900000000036e+02
4.290000000000000000e+02,2.252100100000000111e+02
4.300000000000000000e+02,2.262100100000000111e+02
4.310000000000000000e+02,2.268600000000000136e+02
4.320000000000000000e+02,2.290099945000000048e+02
4.330000000000000000e+02,2.275600000000000023e+02
4.340000000000000000e+02,2.277800000000000011e+02
4.350000000000000000e+02,2.270800020000000075e+02
4.360000000000000000e+02,2.248400000000000034e+02
4.370000000000000000e+02,2.253899999999999864e+02
4.380000000000000000e+02,2.274699999999999989e+02
4.390000000000000000e+02,2.302400100000000123e+02
4.400000000000000000e+02,2.332299999999999898e+02
4.410000000000000000e+02,2.364399999999999977e+02
4.420000000000000000e+02,2.358000000000000114e+02
4.430000000000000000e+02,2.360200040000000001e+02
4.440000000000000000e+02,2.342500000000000000e+02
4.450000000000000000e+02,2.322199999999999989e+02
4.460000000000000000e+02,2.329299900000000036e+02
4.470000000000000000e+02,2.359099999999999966e+02
4.480000000000000000e+02,2.354299900000000036e+02
4.490000000000000000e+02,2.335700099999999964e+02
4.500000000000000000e+02,2.358999900000000025e+02
4.510000000000000000e+02,2.355900000000000034e+02
4.520000000000000000e+02,2.358899999999999864e+02
4.530000000000000000e+02,2.335300000000000011e+02
4.540000000000000000e+02,2.319199999999999875e+02
4.550000000000000000e+02,2.296899999999999977e+02
4.560000000000000000e+02,2.230899960000000135e+02
4.570000000000000000e+02,2.241799900000000036e+02
4.580000000000000000e+02,2.260099945000000048e+02
4.590000000000000000e+02,2.244900100000000123e+02
4.600000000000000000e+02,2.273400000000000034e+02
4.610000000000000000e+02,2.277400100000000123e+02
4.620000000000000000e+02,2.263700000000000045e+02
4.630000000000000000e+02,2.255000000000000000e+02
4.640000000000000000e+02,2.260899960000000135e+02
4.650000000000000000e+02,2.268300000000000125e+02
4.660000000000000000e+02,2.292299999999999898e+02
4.670000000000000000e+02,2.254399999999999977e+02
4.680000000000000000e+02,2.263200099999999964e+02
4.690000000000000000e+02,2.294900100000000123e+02
4.700000000000000000e+02,2.214600100000000111e+02
4.710000000000000000e+02,2.248100000000000023e+02
4.720000000000000000e+02,2.271200000000000045e+02
4.730000000000000000e+02,2.280899960000000135e+02
4.740000000000000000e+02,2.310399930000000097e+02
4.750000000000000000e+02,2.303999900000000025e+02
4.760000000000000000e+02,2.335500000000000114e+02
4.770000000000000000e+02,2.349499999999999886e+02
4.780000000000000000e+02,2.367599899999999877e+02
4.790000000000000000e+02,2.373500099999999975e+02
4.800000000000000000e+02,2.395399899999999889e+02
4.810000000000000000e+02,2.379099999999999966e+02
4.820000000000000000e+02,2.355600000000000023e+02
4.830000000000000000e+02,2.391200000000000045e+02
4.840000000000000000e+02,2.382199999999999989e+02
4.850000000000000000e+02,2.386499900000000025e+02
4.860000000000000000e+02,2.405900000000000034e+02
4.870000000000000000e+02,2.400899960000000135e+02
4.880000000000000000e+02,2.400299990000000037e+02
4.890000000000000000e+02,2.404199999999999875e+02
4.900000000000000000e+02,2.423400000000000034e+02
4.910000000000000000e+02,2.415700099999999964e+02
4.920000000000000000e+02,2.423799999999999955e+02
4.930000000000000000e+02,2.427500000000000000e+02
4.940000000000000000e+02,2.403300000000000125e+02
4.950000000000000000e+02,2.391499900000000025e+02
4.960000000000000000e+02,2.389299900000000036e+02
4.970000000000000000e+02,2.363000000000000114e+02
4.980000000000000000e+02,2.353300000000000125e+02
4.990000000000000000e+02,2.364299900000000036e+02
5.000000000000000000e+02,2.368000000000000114e+02
5.010000000000000000e+02,2.363400000000000034e+02
5.020000000000000000e+02,2.374199999999999875e+02
5.030000000000000000e+02,2.412199999999999989e+02
5.040000000000000000e+02,2.448300000000000125e+02
5.050000000000000000e+02,2.418300000000000125e+02
5.060000000000000000e+02,2.424900100000000123e+02
5.070000000000000000e+02,2.378400000000000034e+02
5.080000000000000000e+02,2.409199999999999875e+02
5.090000000000000000e+02,2.324499999999999886e+02
5.100000000000000000e+02,2.263300000000000125e+02
5.110000000000000000e+02,2.251100000000000136e+02
5.120000000000000000e+02,2.255700099999999964e+02
5.130000000000000000e+02,2.276499900000000025e+02
5.140000000000000000e+02,2.314699999999999989e+02
5.150000000000000000e+02,2.312299999999999898e+02
5.160000000000000000e+02,2.353700000000000045e+02
5.170000000000000000e+02,2.338100000000000023e+02
5.180000000000000000e+02,2.328999900000000025e+02
5.190000000000000000e+02,2.358200099999999964e+02
5.200000000000000000e+02,2.369399999999999977e+02
5.210000000000000000e+02,2.381899999999999977e+02
5.220000000000000000e+02,2.388899999999999864e+02
5.230000000000000000e+02,2.375099899999999877e+02
5.240000000000000000e+02,2.424600100000000111e+02
5.250000000000000000e+02,2.447199999999999989e+02
5.260000000000000000e+02,2.462500000000000000e+02
5.270000000000000000e+02,2.399099999999999966e+02
5.280000000000000000e+02,2.250399930000000097e+02
5.290000000000000000e+02,2.202400100000000123e+02
5.300000000000000000e+02,2.172199999999999989e+02
5.310000000000000000e+02,2.322899899999999889e+02
5.320000000000000000e+02,2.283799999999999955e+02
5.330000000000000000e+02,2.316000099999999975e+02
5.340000000000000000e+02,2.365300000000000011e+02
5.350000000000000000e+02,2.357599899999999877e+02
5.360000000000000000e+02,2.352899899999999889e+02
5.370000000000000000e+02,2.358500099999999975e+02
5.380000000000000000e+02,2.280800020000000075e+02
5.390000000000000000e+02,2.350000000000000000e+02
5.400000000000000000e+02,2.362599899999999877e+02
5.410000000000000000e+02,2.381299999999999955e+02
5.420000000000000000e+02,2.377199999999999989e+02
5.430000000000000000e+02,2.371799900000000036e+02
5.440000000000000000e+02,2.396799900000000036e+02
5.450000000000000000e+02,2.423999900000000025e+02
5.460000000000000000e+02,2.280099945000000048e+02
5.470000000000000000e+02,2.329099999999999966e+02
5.480000000000000000e+02,2.321799900000000036e+02
5.490000000000000000e+02,2.335700099999999964e+02
5.500000000000000000e+02,2.361899999999999977e+02
5.510000000000000000e+02,2.360000000000000000e+02
5.520000000000000000e+02,2.370000000000000000e+02
5.530000000000000000e+02,2.370500030000000038e+02
5.540000000000000000e+02,2.373100000000000023e+02
5.550000000000000000e+02,2.374900100000000123e+02
5.560000000000000000e+02,2.403200099999999964e+02
5.570000000000000000e+02,2.412100100000000111e+02
5.580000000000000000e+02,2.427899899999999889e+02
5.590000000000000000e+02,2.426799900000000036e+02
5.600000000000000000e+02,2.390899960000000135e+02
5.610000000000000000e+02,2.380399930000000097e+02
5.620000000000000000e+02,2.369699999999999989e+02
5.630000000000000000e+02,2.399900100000000123e+02
5.640000000000000000e+02,2.402500000000000000e+02
5.650000000000000000e+02,2.397199999999999989e+02
5.660000000000000000e+02,2.428300000000000125e+02
5.670000000000000000e+02,2.423899999999999864e+02
5.680000000000000000e+02,2.440099945000000048e+02
5.690000000000000000e+02,2.441200000000000045e+02
5.700000000000000000e+02,2.448899999999999864e+02
5.710000000000000000e+02,2.453500099999999975e+02
5.720000000000000000e+02,2.437100100000000111e+02
5.730000000000000000e+02,2.430099945000000048e+02
5.740000000000000000e+02,2.411799900000000036e+02
5.750000000000000000e+02,2.398300000000000125e+02
5.760000000000000000e+02,2.371799900000000036e+02
5.770000000000000000e+02,2.389900100000000123e+02
5.780000000000000000e+02,2.387599899999999877e+02
5.790000000000000000e+02,2.377899899999999889e+02
5.800000000000000000e+02,2.365000000000000000e+02
5.810000000000000000e+02,2.403600000000000136e+02
5.820000000000000000e+02,2.418000000000000114e+02
5.830000000000000000e+02,2.381599999999999966e+02
5.840000000000000000e+02,2.391699999999999875e+02
5.850000000000000000e+02,2.394499999999999886e+02
5.860000000000000000e+02,2.430299990000000037e+02
5.870000000000000000e+02,2.447299999999999898e+02
5.880000000000000000e+02,2.380200040000000001e+02
5.890000000000000000e+02,2.421299999999999955e+02
5.900000000000000000e+02,2.405600000000000023e+02
5.910000000000000000e+02,2.375300000000000011e+02
5.920000000000000000e+02,2.387599899999999877e+02
5.930000000000000000e+02,2.385900000000000034e+02
5.940000000000000000e+02,2.351799900000000036e+02
5.950000000000000000e+02,2.360200040000000001e+02
5.960000000000000000e+02,2.337500000000000000e+02
5.970000000000000000e+02,2.348600000000000136e+02
5.980000000000000000e+02,2.371899999999999977e+02
5.990000000000000000e+02,2.391100000000000136e+02
6.000000000000000000e+02,2.417199999999999989e+02
6.010000000000000000e+02,2.441000099999999975e+02
6.020000000000000000e+02,2.426399999999999864e+02
6.030000000000000000e+02,2.529900100000000123e+02
6.040000000000000000e+02,2.536899999999999977e+02
6.050000000000000000e+02,2.524699999999999989e+02
6.060000000000000000e+02,2.479699999999999989e+02
6.070000000000000000e+02,2.466799900000000036e+02
6.080000000000000000e+02,2.475099899999999877e+02
6.090000000000000000e+02,2.446499900000000025e+02
6.100000000000000000e+02,2.484600100000000111e+02
6.110000000000000000e+02,2.653299900000000093e+02
6.120000000000000000e+02,2.668900100000000180e+02
6.130000000000000000e+02,2.664800099999999929e+02
6.140000000000000000e+02,2.659399999999999977e+02
6.150000000000000000e+02,2.634700000000000273e+02
6.160000000000000000e+02,2.625000000000000000e+02
6.170000000000000000e+02,2.616799899999999752e+02
6.180000000000000000e+02,2.592300099999999929e+02
6.190000000000000000e+02,2.606000099999999975e+02
6.200000000000000000e+02,2.600599980000000073e+02
6.210000000000000000e+02,2.629200099999999907e+02
6.220000000000000000e+02,2.618599899999999820e+02
6.230000000000000000e+02,2.608299900000000093e+02
6.240000000000000000e+02,2.621799899999999752e+02
6.250000000000000000e+02,2.566899999999999977e+02
6.260000000000000000e+02,2.572900099999999952e+02
6.270000000000000000e+02,2.581499900000000025e+02
6.280000000000000000e+02,2.570700069999999755e+02
6.290000000000000000e+02,2.556200000000000045e+02
6.300000000000000000e+02,2.519600100000000111e+02
6.310000000000000000e+02,2.498200099999999964e+02
6.320000000000000000e+02,2.520200040000000001e+02
6.330000000000000000e+02,2.510200040000000001e+02
6.340000000000000000e+02,2.534299900000000036e+02
6.350000000000000000e+02,2.523700000000000045e+02
6.360000000000000000e+02,2.501100000000000136e+02
6.370000000000000000e+02,2.548200099999999964e+02
6.380000000000000000e+02,2.520299990000000037e+02
6.390000000000000000e+02,2.497899899999999889e+02
6.400000000000000000e+02,2.456100000000000136e+02
6.410000000000000000e+02,2.451200000000000045e+02
6.420000000000000000e+02,2.425600000000000023e+02
6.430000000000000000e+02,2.414600100000000111e+02
6.440000000000000000e+02,2.416000099999999975e+02
6.450000000000000000e+02,2.388200099999999964e+02
6.460000000000000000e+02,2.360099945000000048e+02
6.470000000000000000e+02,2.348799999999999955e+02
6.480000000000000000e+02,2.360000000000000000e+02
6.490000000000000000e+02,2.376299999999999955e+02
6.500000000000000000e+02,2.381699999999999875e+02
6.510000000000000000e+02,2.346000099999999975e+02
6.520000000000000000e+02,2.336899999999999977e+02
6.530000000000000000e+02,2.346899999999999977e+02
6.540000000000000000e+02,2.351699999999999875e+02
6.550000000000000000e+02,2.368999900000000025e+02
6.560000000000000000e+02,2.366000099999999975e+02
6.570000000000000000e+02,2.341200000000000045e+02
6.580000000000000000e+02,2.328500099999999975e+02
6.590000000000000000e+02,2.326699999999999875e+02
6.600000000000000000e+02,2.350099945000000048e+02
6.610000000000000000e+02,2.314900100000000123e+02
6.620000000000000000e+02,2.263799999999999955e+02
6.630000000000000000e+02,2.289900100000000123e+02
6.640000000000000000e+02,2.306799900000000036e+02
6.650000000000000000e+02,2.323200099999999964e+02
6.660000000000000000e+02,2.329499999999999886e+02
6.670000000000000000e+02,2.321000099999999975e+02
6.680000000000000000e+02,2.322899899999999889e+02
6.690000000000000000e+02,2.319199999999999875e+02
6.700000000000000000e+02,2.298000000000000114e+02
6.710000000000000000e+02,2.198799999999999955e+02
6.720000000000000000e+02,2.210000000000000000e+02
6.730000000000000000e+02,2.203999900000000025e+02
6.740000000000000000e+02,2.211799900000000036e+02
6.750000000000000000e+02,2.228600000000000136e+02
6.760000000000000000e+02,2.185800000000000125e+02
6.770000000000000000e+02,2.174900100000000123e+02
6.780000000000000000e+02,2.217199999999999989e+02
6.790000000000000000e+02,2.231599999999999966e+02
6.800000000000000000e+02,2.228700000000000045e+02
6.810000000000000000e+02,2.236599999999999966e+02
6.820000000000000000e+02,2.256100000000000136e+02
6.830000000000000000e+02,2.260599980000000073e+02
6.840000000000000000e+02,2.247700000000000102e+02
6.850000000000000000e+02,2.249399999999999977e+02
6.860000000000000000e+02,2.263300000000000125e+02
6.870000000000000000e+02,2.271200000000000045e+02
6.880000000000000000e+02,2.283899999999999864e+02
6.890000000000000000e+02,2.262299999999999898e+02
6.900000000000000000e+02,2.282199999999999989e+02
6.910000000000000000e+02,2.275900000000000034e+02
6.920000000000000000e+02,2.280899960000000135e+02
6.930000000000000000e+02,2.265500000000000114e+02
6.940000000000000000e+02,2.276100000000000136e+02
6.950000000000000000e+02,2.304600100000000111e+02
6.960000000000000000e+02,2.308799999999999955e+02
6.970000000000000000e+02,2.320200040000000001e+02
6.980000000000000000e+02,2.275399899999999889e+02
6.990000000000000000e+02,2.253200099999999964e+02
7.000000000000000000e+02,2.269099999999999966e+02
7.010000000000000000e+02,2.315000000000000000e+02
7.020000000000000000e+02,2.300500030000000038e+02
7.030000000000000000e+02,2.292299999999999898e+02
7.040000000000000000e+02,2.274699999999999989e+02
7.050000000000000000e+02,2.287700000000000102e+02
7.060000000000000000e+02,2.266100000000000136e+02
7.070000000000000000e+02,2.259600100000000111e+02
7.080000000000000000e+02,2.282199999999999989e+02
7.090000000000000000e+02,2.273600000000000136e+02
7.100000000000000000e+02,2.283799999999999955e+02
7.110000000000000000e+02,2.281899999999999977e+02
7.120000000000000000e+02,2.273799999999999955e+02
7.130000000000000000e+02,2.252400100000000123e+02
7.140000000000000000e+02,2.231699999999999875e+02
7.150000000000000000e+02,2.204699999999999989e+02
7.160000000000000000e+02,2.228200099999999964e+02
7.170000000000000000e+02,2.216999999999999886e+02
7.180000000000000000e+02,2.194699999999999989e+02
7.190000000000000000e+02,2.229099999999999966e+02
7.200000000000000000e+02,2.233600000000000136e+02
7.210000000000000000e+02,2.230200040000000001e+02
7.220000000000000000e+02,2.212100100000000111e+02
7.230000000000000000e+02,2.209600100000000111e+02
7.240000000000000000e+02,2.193600000000000136e+02
7.250000000000000000e+02,2.186399999999999864e+02
7.260000000000000000e+02,2.092800000000000011e+02
7.270000000000000000e+02,2.068500099999999975e+02
7.280000000000000000e+02,2.097899899999999889e+02
7.290000000000000000e+02,2.061399999999999864e+02
